<?xml version="1.0" encoding="UTF-8"?>
<project-private xmlns="http://www.netbeans.org/ns/project-private/1">
    <editor-bookmarks xmlns="http://www.netbeans.org/ns/editor-bookmarks/2" lastBookmarkId="0"/>
    <open-files xmlns="http://www.netbeans.org/ns/projectui-open-files/2">
        <group>
            <file>file:/C:/Users/Emiliano/Documents/NetBeansProjects/Musso_Russo-master/src/mascota/Alimento.java</file>
            <file>file:/C:/Users/Emiliano/Documents/NetBeansProjects/Musso_Russo-master/src/interfaz/AltaMascota.java</file>
            <file>file:/C:/Users/Emiliano/Documents/NetBeansProjects/Musso_Russo-master/src/mascota/Sistema.java</file>
            <file>file:/C:/Users/Emiliano/Documents/NetBeansProjects/Musso_Russo-master/src/mascota/Servicio.java</file>
            <file>file:/C:/Users/Emiliano/Documents/NetBeansProjects/Musso_Russo-master/src/mascota/Paseo.java</file>
            <file>file:/C:/Users/Emiliano/Documents/NetBeansProjects/Musso_Russo-master/src/mascota/Mascota.java</file>
        </group>
    </open-files>
</project-private>
